iter	Logloss
0	0.6869541434
100	0.4337498126
200	0.3926525301
300	0.3786680808
400	0.3717508539
500	0.3665638139
600	0.3624932597
700	0.3587106705
800	0.3547414488
900	0.3506701912
999	0.346785833
