iter	Logloss
0	0.685804552
100	0.4214597364
200	0.3828880622
300	0.3697214163
400	0.3619447448
500	0.3565083966
600	0.3515548823
700	0.3470324916
800	0.3429299255
900	0.3386731523
999	0.3343776321
