iter	Logloss
0	0.6866842446
100	0.432826779
200	0.3930714042
300	0.3796080932
400	0.3724672674
500	0.3668860793
600	0.3618578168
700	0.3576875663
800	0.3532125228
900	0.3489425501
999	0.3439123541
